fecha,temp_media,lluvia_mm,es_festivo,es_vispera_festivo,semana_cobro,evento_especial
2025-01-01,9.9,5.0,True,False,True,Año Nuevo
2025-01-02,10.1,0.0,False,False,True,
2025-01-03,13.0,0.0,False,False,True,
2025-01-04,14.0,0.0,False,False,True,
2025-01-05,13.6,0.0,False,True,True,
2025-01-06,13.9,0.0,True,False,True,Epifanía del Señor
2025-01-07,12.4,0.0,False,False,True,
2025-01-08,15.2,0.0,False,False,False,
2025-01-09,17.0,0.0,False,False,False,
2025-01-10,16.1,0.0,False,False,False,
2025-01-11,18.5,0.0,False,False,False,
2025-01-12,14.6,0.0,False,False,False,
2025-01-13,10.0,0.0,False,False,False,
2025-01-14,7.8,0.0,False,False,True,
2025-01-15,7.4,0.0,False,False,True,
2025-01-16,7.9,3.9,False,False,True,
2025-01-17,10.3,3.6,False,False,True,
2025-01-18,9.7,0.0,False,False,True,
2025-01-19,8.9,0.0,False,False,True,
2025-01-20,10.1,0.0,False,False,True,
2025-01-21,12.4,1.9,False,False,True,
2025-01-22,13.4,0.0,False,False,False,
2025-01-23,15.8,0.0,False,False,False,
2025-01-24,16.0,0.0,False,False,False,
2025-01-25,15.1,0.0,False,False,False,
2025-01-26,14.5,0.0,False,False,False,
2025-01-27,19.9,0.7,False,False,False,
2025-01-28,14.8,0.0,False,False,False,
2025-01-29,12.8,1.5,False,False,False,
2025-01-30,13.2,0.5,False,False,False,
2025-01-31,13.1,0.0,False,False,False,
2025-02-01,9.3,12.2,False,False,True,
2025-02-02,9.6,0.0,False,False,True,
2025-02-03,9.8,0.0,False,False,True,
2025-02-04,11.1,0.0,False,False,True,
2025-02-05,10.5,0.0,False,False,True,
2025-02-06,10.0,0.0,False,False,True,
2025-02-07,10.3,0.7,False,False,True,
2025-02-08,13.7,0.0,False,False,False,
2025-02-09,11.1,0.0,False,False,False,
2025-02-10,11.5,0.0,False,False,False,
2025-02-11,12.4,0.0,False,False,False,
2025-02-12,13.2,8.6,False,False,False,
2025-02-13,13.3,0.0,False,False,False,
2025-02-14,14.5,0.0,False,False,True,
2025-02-15,13.2,0.0,False,False,True,
2025-02-16,13.1,0.0,False,False,True,
2025-02-17,13.3,0.0,False,False,True,
2025-02-18,12.6,0.0,False,False,True,
2025-02-19,12.7,0.0,False,False,True,
2025-02-20,13.2,0.0,False,False,True,
2025-02-21,14.2,0.0,False,False,True,
2025-02-22,13.1,6.0,False,False,False,
2025-02-23,13.5,1.2,False,False,False,
2025-02-24,13.6,0.0,False,False,False,
2025-02-25,16.0,0.0,False,False,False,
2025-02-26,12.2,0.0,False,False,False,
2025-02-27,11.5,0.0,False,False,False,
2025-02-28,11.7,1.1,False,False,False,
2025-03-01,12.4,1.2,False,False,True,
2025-03-02,11.8,3.0,False,False,True,
2025-03-03,12.9,27.2,False,False,True,
2025-03-04,13.7,10.9,False,False,True,
2025-03-05,13.4,22.4,False,False,True,
2025-03-06,13.9,16.5,False,False,True,
2025-03-07,13.6,0.9,False,False,True,
2025-03-08,13.8,7.3,False,False,False,
2025-03-09,13.5,0.5,False,False,False,
2025-03-10,13.1,0.2,False,False,False,
2025-03-11,14.3,0.7,False,False,False,
2025-03-12,14.9,0.0,False,False,False,
2025-03-13,12.5,9.2,False,False,False,
2025-03-14,10.4,5.4,False,False,True,
2025-03-15,10.5,0.0,False,False,True,
2025-03-16,10.6,4.1,False,False,True,
2025-03-17,9.8,3.6,False,False,True,
2025-03-18,11.6,19.0,False,True,True,
2025-03-19,13.7,16.5,True,False,True,San José
2025-03-20,14.9,0.6,False,False,True,
2025-03-21,16.1,1.0,False,False,True,
2025-03-22,14.5,0.0,False,False,False,
2025-03-23,13.2,0.0,False,False,False,
2025-03-24,12.5,0.0,False,False,False,
2025-03-25,12.7,0.0,False,False,False,
2025-03-26,12.7,0.0,False,False,False,
2025-03-27,12.4,0.0,False,False,False,
2025-03-28,13.3,0.0,False,False,False,
2025-03-29,15.0,0.0,False,False,False,
2025-03-30,13.6,0.0,False,False,False,
2025-03-31,15.9,0.0,False,False,False,
2025-04-01,15.5,0.0,False,False,True,
2025-04-02,15.2,0.0,False,False,True,
2025-04-03,15.2,1.3,False,False,True,
2025-04-04,16.0,0.4,False,False,True,
2025-04-05,17.4,0.0,False,False,True,
2025-04-06,17.8,0.0,False,False,True,
2025-04-07,17.6,0.0,False,False,True,
2025-04-08,16.6,0.0,False,False,False,
2025-04-09,16.4,0.0,False,False,False,
2025-04-10,16.2,0.4,False,False,False,
2025-04-11,15.9,1.9,False,False,False,
2025-04-12,15.7,0.8,False,False,False,
2025-04-13,16.6,0.0,False,False,False,
2025-04-14,16.9,1.0,False,False,True,
2025-04-15,17.0,0.0,False,False,True,
2025-04-16,15.8,0.1,False,False,True,
2025-04-17,18.3,0.0,False,True,True,
2025-04-18,18.2,0.0,True,False,True,Viernes Santo
2025-04-19,18.3,0.1,False,False,True,
2025-04-20,16.1,0.6,False,True,True,
2025-04-21,16.6,0.0,True,False,True,Lunes de Pascua
2025-04-22,16.4,11.9,False,False,False,
2025-04-23,15.8,0.0,False,False,False,
2025-04-24,16.8,0.0,False,False,False,
2025-04-25,17.0,0.0,False,False,False,
2025-04-26,17.6,0.0,False,False,False,
2025-04-27,17.7,0.0,False,False,False,
2025-04-28,17.4,0.0,False,False,False,
2025-04-29,17.0,0.6,False,False,False,
2025-04-30,17.5,1.6,False,True,False,
2025-05-01,18.4,0.0,True,False,True,Fiesta del Trabajo
2025-05-02,18.6,0.8,False,False,True,
2025-05-03,19.9,0.0,False,False,True,
2025-05-04,22.1,0.0,False,False,True,
2025-05-05,20.8,0.8,False,False,True,
2025-05-06,17.4,0.0,False,False,True,
2025-05-07,17.5,1.6,False,False,True,
2025-05-08,16.6,9.8,False,False,False,
2025-05-09,16.9,0.2,False,False,False,
2025-05-10,17.8,6.0,False,False,False,
2025-05-11,18.7,0.2,False,False,False,
2025-05-12,18.2,0.1,False,False,False,
2025-05-13,18.2,0.4,False,False,False,
2025-05-14,18.0,6.6,False,False,True,
2025-05-15,19.2,0.0,False,False,True,
2025-05-16,20.6,0.0,False,False,True,
2025-05-17,20.4,0.0,False,False,True,
2025-05-18,20.8,0.0,False,False,True,
2025-05-19,23.1,0.0,False,False,True,
2025-05-20,22.4,0.0,False,False,True,
2025-05-21,22.0,0.0,False,False,True,
2025-05-22,21.5,0.1,False,False,False,
2025-05-23,19.6,2.1,False,False,False,
2025-05-24,20.2,0.0,False,False,False,
2025-05-25,21.8,0.0,False,False,False,
2025-05-26,21.7,0.0,False,False,False,
2025-05-27,21.8,0.0,False,False,False,
2025-05-28,22.7,0.0,False,False,False,
2025-05-29,23.4,0.0,False,False,False,
2025-05-30,23.9,0.0,False,False,False,
2025-05-31,24.6,0.0,False,False,False,
2025-06-01,24.8,0.0,False,False,True,
2025-06-02,24.5,0.0,False,False,True,
2025-06-03,23.1,3.1,False,False,True,
2025-06-04,22.9,0.0,False,False,True,
2025-06-05,22.7,0.0,False,False,True,
2025-06-06,23.1,0.0,False,False,True,
2025-06-07,23.7,0.0,False,False,True,
2025-06-08,23.6,0.6,False,False,False,
2025-06-09,23.4,0.3,False,False,False,
2025-06-10,24.7,0.0,False,False,False,
2025-06-11,25.4,0.0,False,False,False,
2025-06-12,25.2,0.0,False,False,False,
2025-06-13,25.1,0.0,False,False,False,
2025-06-14,25.8,0.0,False,False,True,
2025-06-15,26.1,0.0,False,False,True,
2025-06-16,25.7,0.0,False,False,True,
2025-06-17,26.3,0.0,False,False,True,
2025-06-18,25.8,0.0,False,False,True,
2025-06-19,26.1,0.0,False,False,True,
2025-06-20,27.7,0.0,False,False,True,
2025-06-21,27.7,0.0,False,False,True,
2025-06-22,27.9,0.0,False,False,False,
2025-06-23,28.0,0.0,False,True,False,
2025-06-24,28.2,0.0,True,False,False,San Juan
2025-06-25,27.7,0.0,False,False,False,
2025-06-26,27.5,0.0,False,False,False,
2025-06-27,27.7,0.0,False,False,False,
2025-06-28,29.3,0.0,False,False,False,
2025-06-29,29.7,0.0,False,False,False,
2025-06-30,29.7,0.0,False,False,False,
2025-07-01,29.4,0.0,False,False,True,
2025-07-02,29.6,0.0,False,False,True,
2025-07-03,28.8,0.0,False,False,True,
2025-07-04,28.6,0.0,False,False,True,
2025-07-05,29.4,0.0,False,False,True,
2025-07-06,29.1,0.0,False,False,True,
2025-07-07,28.3,0.1,False,False,True,
2025-07-08,27.4,0.3,False,False,False,
2025-07-09,27.2,4.0,False,False,False,
2025-07-10,27.4,0.0,False,False,False,
2025-07-11,27.5,0.4,False,False,False,
2025-07-12,25.8,5.4,False,False,False,
2025-07-13,26.3,0.0,False,False,False,
2025-07-14,27.0,0.0,False,False,True,
2025-07-15,27.0,0.0,False,False,True,
2025-07-16,28.2,0.0,False,False,True,
2025-07-17,29.1,0.0,False,False,True,
2025-07-18,28.4,0.0,False,False,True,
2025-07-19,28.1,0.0,False,False,True,
2025-07-20,30.6,0.0,False,False,True,
2025-07-21,29.3,0.0,False,False,True,
2025-07-22,27.7,0.0,False,False,False,
2025-07-23,27.8,0.1,False,False,False,
2025-07-24,24.1,9.0,False,False,False,
2025-07-25,23.7,1.0,False,False,False,
2025-07-26,25.1,0.0,False,False,False,
2025-07-27,26.6,0.0,False,False,False,
2025-07-28,27.1,0.0,False,False,False,
2025-07-29,25.8,0.1,False,False,False,
2025-07-30,26.3,0.0,False,False,False,
2025-07-31,26.0,0.0,False,False,False,
2025-08-01,26.2,0.0,False,False,True,
2025-08-02,26.6,0.0,False,False,True,
2025-08-03,26.7,0.0,False,False,True,
2025-08-04,27.1,0.2,False,False,True,
2025-08-05,27.4,0.0,False,False,True,
2025-08-06,27.6,0.0,False,False,True,
2025-08-07,27.2,0.0,False,False,True,
2025-08-08,27.3,0.0,False,False,False,
2025-08-09,27.7,0.0,False,False,False,
2025-08-10,28.5,0.0,False,False,False,
2025-08-11,31.8,0.0,False,False,False,
2025-08-12,29.8,0.0,False,False,False,
2025-08-13,28.7,0.0,False,False,False,
2025-08-14,28.2,0.0,False,True,True,
2025-08-15,29.4,0.0,True,False,True,Asunción de la Virgen
2025-08-16,31.1,0.0,False,False,True,
2025-08-17,32.5,0.0,False,False,True,
2025-08-18,30.7,0.1,False,False,True,
2025-08-19,28.3,0.4,False,False,True,
2025-08-20,26.8,0.3,False,False,True,
2025-08-21,25.9,0.7,False,False,True,
2025-08-22,25.9,0.5,False,False,False,
2025-08-23,26.5,0.2,False,False,False,
2025-08-24,27.1,0.0,False,False,False,
2025-08-25,27.2,0.0,False,False,False,
2025-08-26,27.5,0.0,False,False,False,
2025-08-27,27.4,0.0,False,False,False,
2025-08-28,27.2,0.9,False,False,False,
2025-08-29,27.4,0.0,False,False,False,
2025-08-30,26.9,0.0,False,False,False,
2025-08-31,27.6,0.0,False,False,False,
2025-09-01,27.8,0.0,False,False,True,
2025-09-02,25.4,0.0,False,False,True,
2025-09-03,25.7,0.0,False,False,True,
2025-09-04,26.7,0.0,False,False,True,
2025-09-05,25.2,3.3,False,False,True,
2025-09-06,24.4,0.8,False,False,True,
2025-09-07,26.3,0.0,False,False,True,
2025-09-08,26.5,0.0,False,False,False,
2025-09-09,23.8,0.0,False,False,False,
2025-09-10,24.8,0.0,False,False,False,
2025-09-11,25.5,0.0,False,False,False,
2025-09-12,25.3,0.0,False,False,False,
2025-09-13,25.9,0.0,False,False,False,
2025-09-14,25.6,0.0,False,False,True,
2025-09-15,25.6,0.0,False,False,True,
2025-09-16,25.8,0.0,False,False,True,
2025-09-17,25.5,0.0,False,False,True,
2025-09-18,25.1,0.0,False,False,True,
2025-09-19,25.2,0.2,False,False,True,
2025-09-20,24.9,0.0,False,False,True,
2025-09-21,25.6,0.0,False,False,True,
2025-09-22,22.1,0.0,False,False,False,
2025-09-23,21.0,0.4,False,False,False,
2025-09-24,20.3,0.0,False,False,False,
2025-09-25,21.8,0.0,False,False,False,
2025-09-26,22.0,0.0,False,False,False,
2025-09-27,22.7,0.0,False,False,False,
2025-09-28,23.5,0.0,False,False,False,
2025-09-29,19.0,82.4,False,False,False,
2025-09-30,19.8,17.4,False,False,False,
2025-10-01,20.5,0.0,False,False,True,
2025-10-02,21.0,0.0,False,False,True,
2025-10-03,20.9,0.0,False,False,True,
2025-10-04,21.9,0.0,False,False,True,
2025-10-05,20.6,0.2,False,False,True,
2025-10-06,20.2,1.7,False,False,True,
2025-10-07,19.7,0.0,False,False,True,
2025-10-08,20.7,0.0,False,True,False,
2025-10-09,18.7,40.8,True,False,False,Día de la Comunidad Valenciana
2025-10-10,18.2,32.5,False,False,False,
2025-10-11,18.1,39.2,False,False,False,
2025-10-12,19.2,6.4,False,False,False,
2025-10-13,19.0,12.6,False,False,False,
2025-10-14,19.5,0.2,False,False,True,
2025-10-15,19.6,0.1,False,False,True,
2025-10-16,18.9,0.0,False,False,True,
2025-10-17,19.2,3.8,False,False,True,
2025-10-18,18.4,0.0,False,False,True,
2025-10-19,18.9,0.0,False,False,True,
2025-10-20,21.1,0.0,False,False,True,
2025-10-21,22.3,0.0,False,False,True,
2025-10-22,23.7,0.0,False,False,False,
2025-10-23,25.2,0.0,False,False,False,
2025-10-24,22.2,0.0,False,False,False,
2025-10-25,23.1,0.0,False,False,False,
2025-10-26,18.1,3.1,False,False,False,
2025-10-27,15.1,0.0,False,False,False,
2025-10-28,15.8,0.0,False,False,False,
2025-10-29,17.8,5.9,False,False,False,
2025-10-30,18.6,0.3,False,False,False,
2025-10-31,19.2,0.0,False,True,False,
2025-11-01,19.4,0.0,True,False,True,Todos los Santos
2025-11-02,20.8,0.0,False,False,True,
2025-11-03,17.2,0.0,False,False,True,
2025-11-04,16.1,0.0,False,False,True,
2025-11-05,17.3,1.5,False,False,True,
2025-11-06,18.2,0.0,False,False,True,
2025-11-07,17.1,2.2,False,False,True,
2025-11-08,17.3,1.6,False,False,False,
2025-11-09,14.5,0.0,False,False,False,
2025-11-10,14.0,0.0,False,False,False,
2025-11-11,14.1,0.0,False,False,False,
2025-11-12,14.9,0.0,False,False,False,
2025-11-13,17.0,0.0,False,False,False,
2025-11-14,18.4,0.5,False,False,True,
2025-11-15,17.6,1.9,False,False,True,
2025-11-16,17.0,1.7,False,False,True,
2025-11-17,15.2,2.5,False,False,True,
2025-11-18,14.0,0.0,False,False,True,
2025-11-19,13.5,0.1,False,False,True,
2025-11-20,11.8,0.0,False,False,True,
2025-11-21,11.0,0.0,False,False,True,
2025-11-22,10.1,0.0,False,False,False,
2025-11-23,13.4,0.0,False,False,False,
2025-11-24,15.9,0.0,False,False,False,
2025-11-25,15.7,0.8,False,False,False,
2025-11-26,12.8,0.0,False,False,False,
2025-11-27,10.2,0.0,False,False,False,
2025-11-28,9.9,0.0,False,False,False,
2025-11-29,11.5,0.0,False,False,False,
2025-11-30,13.1,0.0,False,False,False,
2025-12-01,12.2,0.1,False,False,True,
2025-12-02,12.5,1.2,False,False,True,
2025-12-03,11.6,0.0,False,False,True,
2025-12-04,13.0,0.0,False,False,True,
2025-12-05,15.6,0.0,False,True,True,
2025-12-06,18.7,0.0,True,False,True,Día de la Constitución Española
2025-12-07,17.7,0.0,False,True,True,
2025-12-08,13.5,0.0,True,False,False,Inmaculada Concepción
2025-12-09,13.4,0.0,False,False,False,
2025-12-10,12.7,0.0,False,False,False,
2025-12-11,13.2,0.0,False,False,False,
2025-12-12,12.3,1.4,False,False,False,
2025-12-13,14.3,2.4,False,False,False,
2025-12-14,13.1,9.0,False,False,True,
2025-12-15,12.8,10.6,False,False,True,
2025-12-16,10.7,21.8,False,False,True,
2025-12-17,13.1,7.5,False,False,True,
2025-12-18,11.9,0.8,False,False,True,
2025-12-19,11.2,0.0,False,False,True,
2025-12-20,12.1,0.0,False,False,True,
2025-12-21,10.9,0.2,False,False,True,
2025-12-22,9.2,0.1,False,False,False,
2025-12-23,10.4,0.0,False,False,False,
2025-12-24,10.2,0.0,False,True,False,
2025-12-25,9.2,6.5,True,False,False,Natividad del Señor
2025-12-26,10.6,5.9,False,False,False,
2025-12-27,11.0,6.4,False,False,False,
2025-12-28,11.3,22.3,False,False,False,
2025-12-29,10.9,8.2,False,False,False,
2025-12-30,10.4,0.0,False,False,False,
2025-12-31,8.5,0.0,False,True,False,
2026-01-01,9.1,0.0,True,False,True,Año Nuevo
2026-01-02,11.3,0.0,False,False,True,
2026-01-03,11.5,0.1,False,False,True,
2026-01-04,11.3,5.2,False,False,True,
2026-01-05,8.1,6.6,False,True,True,
2026-01-06,6.5,0.0,True,False,True,Epifanía del Señor
2026-01-07,6.3,0.0,False,False,True,
2026-01-08,10.2,0.0,False,False,False,
2026-01-09,13.1,0.0,False,False,False,
2026-01-10,11.3,0.0,False,False,False,
2026-01-11,9.9,0.0,False,False,False,
2026-01-12,10.4,0.0,False,False,False,
2026-01-13,9.2,0.0,False,False,False,
2026-01-14,10.0,0.0,False,False,True,
2026-01-15,10.7,0.0,False,False,True,
2026-01-16,11.0,1.6,False,False,True,
2026-01-17,10.6,4.1,False,False,True,
2026-01-18,9.1,0.2,False,False,True,
2026-01-19,10.1,0.5,False,False,True,
2026-01-20,11.6,6.7,False,False,True,
2026-01-21,11.1,5.9,False,False,True,
2026-01-22,12.7,1.5,False,False,False,
2026-01-23,12.2,1.4,False,False,False,
2026-01-24,9.6,0.6,False,False,False,
2026-01-25,12.1,0.4,False,False,False,
2026-01-26,13.9,0.0,False,False,False,
2026-01-27,16.1,0.8,False,False,False,
2026-01-28,11.1,3.7,False,False,False,
2026-01-29,14.1,4.8,False,False,False,
2026-01-30,14.4,0.3,False,False,False,
2026-01-31,13.4,0.0,False,False,False,
2026-02-01,13.5,0.0,False,False,True,
2026-02-02,13.2,0.2,False,False,True,
2026-02-03,11.3,0.6,False,False,True,
2026-02-04,11.9,3.5,False,False,True,
2026-02-05,15.8,4.9,False,False,True,
2026-02-06,15.2,0.0,False,False,True,
2026-02-07,12.8,0.1,False,False,True,
2026-02-08,13.8,0.0,False,False,False,
2026-02-09,14.5,2.8,False,False,False,
2026-02-10,19.7,0.0,False,False,False,
2026-02-11,20.6,1.1,False,False,False,
2026-02-12,18.3,0.0,False,False,False,
2026-02-13,15.6,0.9,False,False,False,
2026-02-14,14.9,0.0,False,False,True,
2026-02-15,14.4,0.0,False,False,True,
2026-02-16,17.5,0.0,False,False,True,
2026-02-17,19.6,0.0,False,False,True,
2026-02-18,16.9,0.0,False,False,True,
2026-02-19,16.1,0.0,False,False,True,
2026-02-20,14.0,0.0,False,False,True,
2026-02-21,12.2,0.0,False,False,True,
2026-02-22,12.7,0.0,False,False,False,
2026-02-23,13.5,0.0,False,False,False,
2026-02-24,13.4,0.0,False,False,False,
2026-02-25,12.6,0.0,False,False,False,
2026-02-26,12.6,0.0,False,False,False,
2026-02-27,11.7,0.0,False,False,False,
2026-02-28,13.1,0.1,False,False,False,
2026-03-01,12.7,0.0,False,False,True,
2026-03-02,12.1,0.8,False,False,True,
2026-03-03,13.8,2.4,False,False,True,
2026-03-04,14.4,4.3,False,False,True,
2026-03-05,13.7,18.2,False,False,True,
2026-03-06,12.0,13.0,False,False,True,
2026-03-07,11.6,5.0,False,False,True,
2026-03-08,11.5,0.3,False,False,False,
2026-03-09,12.2,3.2,False,False,False,
2026-03-10,12.1,5.8,False,False,False,
2026-03-11,13.3,0.0,False,False,False,
2026-03-12,13.2,0.0,False,False,False,
2026-03-13,14.4,0.0,False,False,False,
2026-03-14,15.7,2.1,False,False,True,
2026-03-15,13.8,0.0,False,False,True,
2026-03-16,12.1,0.0,False,False,True,
2026-03-17,13.3,0.0,False,False,True,
2026-03-18,12.7,0.0,False,True,True,
2026-03-19,13.8,0.4,True,False,True,San José
2026-03-20,13.3,0.6,False,False,True,
2026-03-21,12.9,1.2,False,False,True,
2026-03-22,12.3,0.0,False,False,False,
2026-03-23,12.5,0.7,False,False,False,
2026-03-24,13.2,0.0,False,False,False,
2026-03-25,15.2,0.0,False,False,False,
2026-03-26,13.8,0.0,False,False,False,
2026-03-27,12.7,0.0,False,False,False,
2026-03-28,13.8,0.0,False,False,False,
2026-03-29,13.7,0.0,False,False,False,
2026-03-30,14.1,0.0,False,False,False,
2026-03-31,17.0,0.0,False,False,False,
2026-04-01,17.0,0.0,False,False,True,
2026-04-02,16.7,0.0,False,True,True,
2026-04-03,15.3,0.0,True,False,True,Viernes Santo
2026-04-04,16.1,0.0,False,False,True,
2026-04-05,16.8,0.0,False,True,True,
2026-04-06,16.0,0.0,True,False,True,Lunes de Pascua
2026-04-07,15.3,0.0,False,False,True,
2026-04-08,16.1,0.0,False,False,False,
2026-04-09,18.0,0.0,False,False,False,
2026-04-10,19.1,0.0,False,False,False,
2026-04-11,18.4,0.0,False,False,False,
2026-04-12,17.2,4.3,False,False,False,
